season,date,home_team,away_team,Home_Elo_Pre,Away_Elo_Pre,Home_Rolling_Goals_Scored,Home_Rolling_Goals_Conceded,Away_Rolling_Goals_Scored,Away_Rolling_Goals_Conceded,Target
2015-2016,2015-09-08,Borussia Dortmund,Bayern Munich,1483.2975328274754,1516.7024671725246,1.0,3.0,2.0,0.0,0
2015-2016,2015-10-24,Borussia Dortmund,Manchester City,1484.8311640471213,1469.4387739660467,0.5,1.5,3.0,3.5,0
2015-2016,2015-10-30,Napoli,Manchester City,1470.8425517893359,1470.1471563280018,0.0,0.0,2.0,2.3333333333333335,1
2015-2016,2015-11-11,Juventus,Borussia Dortmund,1498.5274729867078,1484.1227816851663,1.0,2.0,0.0,0.0,0
2015-2016,2015-11-15,Porto,Real Madrid,1516.0,1515.9956408584878,3.0,2.0,1.0,0.0,1
2015-2016,2015-11-20,Atlético Madrid,Juventus,1500.736306793522,1497.8644922674462,3.0,3.0,3.0,1.0,1
2015-2016,2015-12-05,Ajax,Inter Milan,1498.5962221767109,1515.2975328274754,2.0,2.0,1.0,0.0,2
2015-2016,2015-12-21,Ajax,Atlético Madrid,1483.364754085551,1499.0155820328375,1.0,1.5,1.0,2.0,1
2015-2016,2015-12-23,Juventus,Manchester United,1499.5852170281307,1513.9542608486615,2.0,2.0,2.0,2.0,1
2015-2016,2016-01-21,Liverpool,Borussia Dortmund,1500.7024671725246,1484.785762404428,0.0,0.0,1.5,1.5,1
2015-2016,2016-01-22,Real Madrid,Borussia Dortmund,1499.995841604373,1469.5182413921113,4.0,4.0,1.6666666666666667,2.0,1
2015-2016,2016-02-09,Borussia Dortmund,Manchester United,1454.9181976677783,1514.8859345247893,0.3333333333333333,1.0,1.3333333333333333,2.3333333333333335,1
2015-2016,2016-02-14,Barcelona,Inter Milan,1485.5503713006829,1528.3715235849627,4.0,4.0,2.0,1.3333333333333333,2
2015-2016,2016-02-24,Liverpool,Manchester City,1515.9699881848412,1454.1791804296986,1.5,1.0,1.75,2.75,2
2015-2016,2016-03-02,AC Milan,Borussia Dortmund,1529.9557072242778,1473.6527130338702,4.0,1.0,1.5,2.25,2
2015-2016,2016-03-03,Bayern Munich,Atlético Madrid,1498.4368883008688,1467.1138523000798,0.0,1.0,0.5,2.0,2
2015-2016,2016-03-05,AC Milan,Ajax,1511.3853197051592,1515.2664838183089,2.0,2.0,4.0,1.0,1
2015-2016,2016-03-06,Liverpool,Porto,1497.1540433533228,1514.4067836742356,1.0,2.0,0.0,2.0,2
2015-2016,2016-03-14,Napoli,Barcelona,1503.4176337206286,1471.5124334742507,2.6666666666666665,0.3333333333333333,0.0,4.0,2
2015-2016,2016-03-14,Liverpool,Real Madrid,1498.8094075771096,1514.5958853287061,1.4,1.8,1.5,1.5,1
2015-2016,2016-03-21,Barcelona,Manchester United,1488.9776060307286,1496.1514191586973,2.0,2.5,1.0,2.75,1
2015-2016,2016-03-21,Bayern Munich,Porto,1480.998304636772,1529.6129180327148,0.0,1.0,1.5,1.0,1
2015-2016,2016-03-21,Chelsea,Bayern Munich,1486.0117882119878,1499.2225929654562,2.0,4.0,1.0,0.0,1
2015-2016,2016-03-25,Napoli,Chelsea,1485.9524611641507,1502.6198752234982,2.75,1.25,2.5,2.5,2
2015-2016,2016-03-31,Atlético Madrid,Chelsea,1484.5524359641765,1517.8529007161555,2.6666666666666665,3.0,2.6666666666666665,1.6666666666666667,0
2015-2016,2016-04-04,Juventus,Ajax,1516.2465589318822,1499.0877570400025,2.25,1.5,3.0,2.5,2
2015-2016,2016-04-18,Ajax,Juventus,1515.8773072490478,1499.457008722837,1.3333333333333333,1.0,2.5,2.5,2
2015-2016,2016-04-23,Juventus,Barcelona,1516.21262890387,1505.3079253931376,1.8,2.0,2.0,3.5,2
2016-2017,2016-08-12,Inter Milan,Manchester City,1523.736235010248,1472.995125261217,1.0,3.0,2.2,2.2,1
2016-2017,2016-08-18,Real Madrid,Juventus,1497.8693910502777,1499.7106135827437,3.5,2.5,3.0,1.6666666666666667,0
2016-2017,2016-08-21,Ajax,AC Milan,1499.1216870680148,1527.5640464834655,1.0,1.75,2.0,1.0,2
2016-2017,2016-08-26,Borussia Dortmund,Ajax,1492.2231005529889,1484.4285879573565,1.25,0.75,3.3333333333333335,1.6666666666666667,2
2016-2017,2016-08-29,Manchester City,Chelsea,1459.3153669517758,1516.3240364347594,0.0,1.0,3.0,2.25,1
2016-2017,2016-08-29,Porto,Borussia Dortmund,1495.5796095740277,1475.8642101909438,2.0,1.6666666666666667,1.8,1.8,1
2016-2017,2016-08-30,Inter Milan,Real Madrid,1537.4159933196893,1497.9541816876394,1.5,1.5,1.3333333333333333,2.3333333333333335,2
2016-2017,2016-09-09,Liverpool,Ajax,1531.3449219855409,1500.7874783194015,2.2,2.0,3.5,1.75,2
2016-2017,2016-09-14,Barcelona,Borussia Dortmund,1521.8099407142638,1460.771164614884,2.3333333333333335,2.3333333333333335,2.4,2.6,1
2016-2017,2016-09-20,Ajax,Borussia Dortmund,1518.1910832988576,1447.5535371011626,1.2,2.2,2.0,2.4,0
2016-2017,2016-09-23,Manchester City,Porto,1477.9174029465375,1510.6726551500876,1.0,0.5,1.3333333333333333,1.3333333333333333,0
2016-2017,2016-09-27,Liverpool,Real Madrid,1513.9413170060848,1515.7636907846377,1.6,2.2,2.0,2.25,2
2016-2017,2016-09-30,AC Milan,Juventus,1542.2571455941238,1499.625822945382,2.6666666666666665,2.0,2.75,1.75,1
2016-2017,2016-10-01,Porto,Inter Milan,1509.1686732950202,1519.606484222691,2.5,2.0,1.75,1.0,2
2016-2017,2016-10-07,Inter Milan,Barcelona,1535.1259498255174,1535.027568227985,1.6666666666666667,2.3333333333333335,2.0,2.3333333333333335,2
2016-2017,2016-10-08,Borussia Dortmund,Bayern Munich,1450.7624240903194,1482.6145059539458,1.4,1.4,0.6666666666666666,0.3333333333333333,2
2016-2017,2016-10-12,Porto,Paris Saint-Germain,1493.6492076921938,1502.4849506151525,2.2,2.4,1.5,2.5,1
2016-2017,2016-10-15,Borussia Dortmund,Liverpool,1436.2251709338793,1498.0252396503795,1.8,1.6,1.0,0.0,1
2016-2017,2016-10-15,Paris Saint-Germain,Napoli,1486.078137314964,1470.7194356714933,1.0,1.0,1.6666666666666667,3.0,1
2016-2017,2016-10-15,Manchester City,Inter Milan,1479.421384801605,1519.1214191856404,1.3333333333333333,1.0,2.2,1.0,0
2016-2017,2016-10-21,Borussia Dortmund,Atlético Madrid,1455.0415290362696,1486.0813002455727,2.4,2.0,0.6666666666666666,1.3333333333333333,1
2016-2017,2016-10-24,Liverpool,Juventus,1479.2088815479892,1485.579274025568,1.6,2.0,2.4,2.0,2
2016-2017,2016-10-31,Bayern Munich,Juventus,1497.151759110386,1501.285939481694,0.6666666666666666,1.0,2.6,2.4,2
2016-2017,2016-11-04,Ajax,Paris Saint-Germain,1514.9821963097008,1501.3713033284962,0.8,1.8,1.0,2.3333333333333335,2
2016-2017,2016-11-09,Bayern Munich,Real Madrid,1481.342136167251,1531.679768140343,1.0,1.5,2.2,1.8,1
2016-2017,2016-11-14,Borussia Dortmund,Atlético Madrid,1472.4671723842564,1468.655656897586,3.2,2.4,1.0,2.0,0
2016-2017,2016-11-18,Napoli,Porto,1455.426269657961,1510.0560209923824,2.2,1.6,1.5,1.5,2
2016-2017,2016-11-20,Liverpool,Manchester United,1463.5022160918634,1479.8210997962883,2.2,2.2,1.2,2.8,1
2016-2017,2016-11-26,Juventus,Manchester City,1517.0955624248288,1481.2417233032318,1.6,2.0,1.8,2.0,0
2016-2017,2016-12-16,Manchester United,Juventus,1463.07013958818,1515.450268405181,2.25,1.75,2.8,2.0,1
2016-2017,2016-12-17,Paris Saint-Germain,Barcelona,1517.9977876575513,1551.032098867862,2.0,1.0,2.5,2.25,1
2016-2017,2016-12-19,AC Milan,Real Madrid,1556.3036945139377,1513.3777196001686,2.75,1.75,2.2,2.4,2
2016-2017,2016-12-20,Barcelona,Real Madrid,1533.5153803849148,1531.3445362665802,2.25,2.0,2.2,2.0,1
2016-2017,2016-12-28,AC Milan,Real Madrid,1538.336877847526,1515.444506031769,2.4,1.8,2.0,1.6,1
2016-2017,2016-12-28,Real Madrid,Juventus,1500.497215731769,1497.056185449753,3.0,2.3333333333333335,2.2,2.6,2
2016-2017,2017-01-10,Porto,Manchester City,1523.5607580299663,1482.8870173228795,2.0,2.0,1.8,2.0,1
2016-2017,2017-01-27,Borussia Dortmund,Manchester City,1472.2916526506513,1468.7516020198857,3.0,3.0,2.4,2.8,0
2016-2017,2017-02-02,Manchester United,Napoli,1481.464222543608,1441.921532620377,2.4,1.6,1.5,3.0,2
2016-2017,2017-02-09,Liverpool,Paris Saint-Germain,1480.2531762999718,1535.5145061404985,2.0,2.4,1.5,2.0,1
2016-2017,2017-02-16,Liverpool,Chelsea,1498.7768090523834,1497.7220004399976,1.8,2.4,2.4,2.2,2
2016-2017,2017-02-23,Juventus,Chelsea,1513.2146455692637,1513.770576022491,1.8,2.2,2.4,1.6,1
2016-2017,2017-03-10,AC Milan,Atlético Madrid,1553.2841681475259,1468.831176631191,2.4,1.8,1.4,2.2,2
2016-2017,2017-03-11,Inter Milan,Bayern Munich,1517.3010806840136,1499.6441847074254,1.75,2.75,1.5,1.0,2
2016-2017,2017-03-11,Barcelona,Atlético Madrid,1549.4154106197261,1488.6455500637362,2.2,1.6,2.0,1.8,2
2016-2017,2017-03-13,Chelsea,Inter Milan,1497.7449745008535,1500.4886498859196,1.5,2.0,2.8,1.8,2
2016-2017,2017-03-28,Borussia Dortmund,Inter Milan,1472.1286329358256,1516.3623015915002,3.4,3.0,3.4,2.4,0
2016-2017,2017-03-31,Barcelona,Ajax,1530.6450492658512,1498.3557119806458,1.4,1.2,3.4,1.4,1
2016-2017,2017-04-10,Chelsea,Napoli,1481.8713227952728,1459.7347185648357,2.0,2.6666666666666665,1.8,2.4,1
2016-2017,2017-04-20,Barcelona,Juventus,1545.1623366718238,1529.2402470909012,2.2,1.6,2.2,2.4,2
2016-2017,2017-04-22,Atlético Madrid,Napoli,1507.4159114176111,1444.7527696402215,3.0,3.25,1.8,2.6,2
2016-2017,2017-04-23,Chelsea,Manchester United,1496.853271719887,1463.6510365991494,2.5,2.5,0.8,2.8,1
2016-2017,2017-04-23,Porto,Manchester United,1537.6961733329601,1449.1754184213046,2.2,2.2,0.6,2.8,0
2016-2017,2017-04-27,Inter Milan,Borussia Dortmund,1514.3362011079112,1474.1547334194147,1.8,3.0,1.6,1.8,2
2017-2018,2017-08-14,Borussia Dortmund,Barcelona,1491.996952304213,1528.4296102242379,2.8,2.2,2.4,2.4,1
2017-2018,2017-08-21,Juventus,Manchester City,1545.9729735384872,1468.9146217347113,1.6,2.0,3.0,2.8,2
2017-2018,2017-08-31,Manchester City,Chelsea,1488.406224366865,1511.3288898977319,2.0,1.75,2.0,1.6,2
2017-2018,2017-08-31,Juventus,Liverpool,1526.4813709063335,1482.72823346989,1.0,2.6,1.5,1.5,2
2017-2018,2017-08-31,Napoli,Inter Milan,1463.6076253284714,1496.4939822231129,2.2,2.4,2.6,1.6,1
2017-2018,2017-08-31,Porto,Chelsea,1533.7056187964165,1526.274791167713,3.0,2.8,2.0,1.8,1
2017-2018,2017-09-04,Paris Saint-Germain,Chelsea,1516.9908733880868,1510.6169412577915,2.3333333333333335,1.3333333333333333,1.4,1.8,0
2017-2018,2017-09-11,AC Milan,Chelsea,1533.4697947149807,1510.9104387538778,2.4,2.0,2.2,2.2,0
2017-2018,2017-09-17,Manchester City,Manchester United,1473.460323096884,1453.1659729578482,1.8,2.0,1.4,3.0,1
2017-2018,2017-09-19,Juventus,Manchester City,1508.477048649906,1488.5267952079066,1.4,2.4,2.8,2.8,1
2017-2018,2017-09-28,Chelsea,Porto,1511.9478779364254,1549.363468706338,2.2,2.0,2.0,1.2,2
2017-2018,2017-10-25,Real Madrid,Manchester United,1484.3387556122584,1438.0995008468255,2.5,2.25,1.4,2.4,1
2017-2018,2017-10-26,Liverpool,Barcelona,1500.7325557263175,1510.7579470169076,2.0,2.4,2.4,1.8,1
2017-2018,2017-10-29,Paris Saint-Germain,Manchester City,1516.6973758920005,1473.4445298946484,2.75,2.0,3.2,3.2,1
2017-2018,2017-10-29,Manchester United,Ajax,1424.2164135454937,1483.8384245746731,1.8,1.8,3.2,2.0,0
2017-2018,2017-11-03,Manchester City,Juventus,1459.4261703494105,1523.5593139631642,2.0,1.8,2.8,2.0,2
2017-2018,2017-11-14,Manchester City,Borussia Dortmund,1446.3465170703766,1509.6686155115433,2.0,2.4,1.8,1.4,1
2017-2018,2017-11-21,Borussia Dortmund,AC Milan,1490.7843898414674,1532.4323555324331,2.4,1.8,2.6666666666666665,1.3333333333333333,1
2017-2018,2017-11-26,Ajax,Porto,1481.1193680467177,1563.6470472315928,1.0,2.2,2.4,1.0,1
2017-2018,2017-11-26,Barcelona,Liverpool,1494.2963887820592,1517.1941139611658,1.8,2.0,2.0,1.6666666666666667,1
2017-2018,2017-11-29,Chelsea,Real Madrid,1497.6642994111705,1498.2218429135903,2.0,1.6,1.4,2.0,1
2017-2018,2017-12-05,Bayern Munich,Chelsea,1516.4566155055195,1513.6899752162778,1.4,1.4,2.2,2.6,2
2017-2018,2017-12-09,Borussia Dortmund,Manchester City,1508.6932153870364,1465.2307427404526,2.2,1.4,2.8,3.0,1
2017-2018,2017-12-12,Chelsea,Porto,1529.817381017115,1543.9164083676455,2.2,1.6,2.2,1.6,2
2017-2018,2017-12-30,Manchester City,Juventus,1451.2218880658602,1536.638967242198,2.2,2.0,2.6,1.8,2
2017-2018,2018-01-01,Juventus,Barcelona,1548.7827470208997,1511.349343946094,2.2,2.4,1.6,1.4,1
2017-2018,2018-01-02,Manchester United,Liverpool,1426.935470073449,1500.141158797131,2.4,2.0,1.5,1.5,2
2017-2018,2018-01-04,Ajax,Inter Milan,1500.850006910665,1478.9840163333338,1.2,2.6,3.0,2.4,2
2017-2018,2018-01-10,Paris Saint-Germain,Porto,1530.7157354372384,1559.2674803335692,2.8,2.0,2.6,1.4,1
2017-2018,2018-01-16,Ajax,Atlético Madrid,1483.8443682133113,1488.5610557293612,1.4,2.4,2.4,1.4,2
2017-2018,2018-01-20,Paris Saint-Germain,Manchester City,1548.0276399766708,1439.0781082871586,3.4,1.8,2.8,3.0,2
2017-2018,2018-02-04,Inter Milan,Atlético Madrid,1495.9896550306873,1504.3438575851565,1.8,2.8,2.6,1.4,2
2017-2018,2018-02-05,Barcelona,Porto,1497.066576263296,1541.9555757941368,1.6,1.8,2.2,1.8,2
2017-2018,2018-02-12,Barcelona,Porto,1483.122364786316,1555.8997872711168,1.4,2.6,2.2,2.0,0
2017-2018,2018-02-15,Real Madrid,AC Milan,1482.196167108483,1514.523529986864,2.6,1.8,2.0,1.75,0
2017-2018,2018-02-16,Atlético Madrid,Juventus,1519.9592064692279,1563.0655147036978,2.6,3.0,2.6,1.8,0
2017-2018,2018-02-21,Manchester City,Juventus,1459.9371838587413,1561.0905193936255,1.8,1.8,2.4,1.2,1
2017-2018,2018-02-21,Bayern Munich,AC Milan,1500.3292097046824,1513.0390813053652,1.6,1.6,2.0,1.8,0
2017-2018,2018-02-26,Ajax,Liverpool,1468.061566357516,1512.8189315650243,1.0,2.0,1.6,1.4,0
2017-2018,2018-03-06,Juventus,Manchester United,1540.5595399192266,1414.257697305556,1.6,1.6,1.0,2.4,2
2017-2018,2018-03-07,Atlético Madrid,Inter Milan,1521.9342017793,1480.374306146616,2.0,2.4,2.8,2.4,1
2017-2018,2018-03-10,Borussia Dortmund,Barcelona,1522.7020700616288,1486.4257151192003,2.4,1.4,1.2,1.6,2
2017-2018,2018-03-14,Atlético Madrid,Napoli,1536.0293744052847,1481.1175912182505,2.0,2.6,2.0,2.0,0
2017-2018,2018-03-15,Bayern Munich,AC Milan,1500.9142599665406,1512.454031043507,1.8,1.6,2.2,2.0,0
2017-2018,2018-03-25,Porto,Manchester United,1552.5964369382325,1435.8307529298204,3.0,2.4,1.4,2.0,0
2017-2018,2018-03-25,Ajax,Liverpool,1470.111392682382,1510.7691052401583,1.0,2.0,1.4,1.4,2
2017-2018,2018-03-28,Barcelona,Juventus,1504.0902585467327,1518.986484294962,2.2,3.0,2.4,1.8,2
2017-2018,2018-04-02,Inter Milan,Barcelona,1466.2791335206314,1488.7758350588506,1.4,3.4,0.8,1.4,1
2017-2018,2018-04-04,Liverpool,Barcelona,1524.9052486463363,1471.7412691220582,2.2,1.8,0.6,1.2,1
2017-2018,2018-04-05,AC Milan,Porto,1511.9228002794268,1547.412883395223,2.2,2.2,2.6,2.6,2
2017-2018,2018-04-09,AC Milan,Napoli,1497.5515180717928,1483.6255247301663,1.6,2.6,2.2,2.2,1
2017-2018,2018-04-09,Paris Saint-Germain,Manchester United,1527.168564405088,1441.01430647283,3.4,2.4,2.2,2.6,1
2017-2018,2018-04-16,Porto,Napoli,1561.784165602857,1468.2664972014286,3.6,2.4,2.2,2.2,2
2018-2019,2018-08-03,Porto,Barcelona,1541.578595229446,1458.1706295702613,3.4,2.8,0.6,1.6,2
2018-2019,2018-08-03,Liverpool,Juventus,1538.4758881981331,1534.3009077828442,2.2,1.0,2.0,1.8,1
2018-2019,2018-08-17,Borussia Dortmund,Real Madrid,1505.0375266340964,1483.6806157899819,1.8,1.0,0.8,2.4,1
2018-2019,2018-08-27,Real Madrid,Manchester City,1468.6629009789751,1480.4681633331402,2.2,1.4,2.8,2.8,2
2018-2019,2018-09-01,Borussia Dortmund,Barcelona,1520.055241445103,1477.9395804874302,2.2,1.0,1.4,1.8,0
2018-2019,2018-09-09,Manchester City,Borussia Dortmund,1495.9247200340442,1518.1251877084312,2.4,1.6,1.2,2.0,1
2018-2019,2018-09-10,Inter Milan,Porto,1483.3136994574238,1521.809644312277,1.4,2.8,2.8,2.0,1
2018-2019,2018-09-14,Porto,Borussia Dortmund,1504.0440598097075,1501.1042075539142,3.0,3.0,0.6,2.0,1
2018-2019,2018-09-16,Barcelona,Liverpool,1479.8696342241021,1554.283632498449,1.6,2.8,1.6,1.0,0
2018-2019,2018-09-19,Chelsea,Inter Milan,1514.4663090511913,1501.0792839599933,1.8,1.4,2.6,2.4,2
2018-2019,2018-09-28,Barcelona,Manchester United,1483.2450684624855,1428.9024866603477,1.6,2.2,1.4,2.4,0
2018-2019,2018-10-03,Borussia Dortmund,Manchester City,1485.2395895224881,1512.9457001885612,2.6,1.6,3.0,2.8,1
2018-2019,2018-10-05,Chelsea,Borussia Dortmund,1497.8501186718954,1502.512805335765,1.4,1.8,0.8,2.4,1
2018-2019,2018-10-09,Borussia Dortmund,Real Madrid,1486.2980935696642,1453.2063442780711,2.8,1.8,0.6,2.2,1
2018-2019,2018-10-13,Manchester United,Porto,1431.3848449615168,1519.9086778411336,1.8,1.8,2.2,2.6,1
2018-2019,2018-10-16,Napoli,Liverpool,1488.4720675748397,1550.9081982600655,2.2,2.8,1.2,0.8,2
2018-2019,2018-10-17,Bayern Munich,Manchester United,1501.4454907306208,1451.3755324261153,1.8,1.8,2.2,3.0,1
2018-2019,2018-10-21,Barcelona,Manchester City,1480.7627101613164,1495.6724843752843,2.2,3.0,2.8,2.8,1
2018-2019,2018-10-26,Atlético Madrid,Bayern Munich,1533.521440893369,1515.1555151780067,2.4,2.4,2.0,1.2,2
2018-2019,2018-10-30,Real Madrid,Manchester United,1438.7256840720524,1437.6655079787295,1.6,2.0,2.4,3.2,2
2018-2019,2018-10-31,AC Milan,Bayern Munich,1512.9105456005304,1532.0005103960161,2.0,2.4,2.4,1.2,1
2018-2019,2018-11-01,Real Madrid,Chelsea,1422.6768613102172,1514.0648304379963,1.6,2.4,2.6,2.6,0
2018-2019,2018-11-02,Borussia Dortmund,Barcelona,1500.7787537756828,1497.448909456765,2.6,1.2,2.0,2.2,2
2018-2019,2018-11-05,Juventus,Bayern Munich,1518.4931634825284,1515.1222686518925,1.6,2.2,2.8,1.8,0
2018-2019,2018-11-17,Manchester United,Paris Saint-Germain,1453.7143307405647,1539.2803842175704,2.0,2.0,1.4,2.2,2
2018-2019,2018-11-20,Inter Milan,Real Madrid,1517.6954743392891,1426.7909852210612,1.8,2.0,0.2,2.6,1
2018-2019,2018-11-26,AC Milan,Paris Saint-Germain,1529.788787344654,1551.4177026557018,1.8,2.6,2.2,1.6,1
2018-2019,2018-11-29,Barcelona,Ajax,1513.602249759622,1455.975249276204,2.6,2.4,3.4,1.8,2
2018-2019,2018-12-11,Ajax,Inter Milan,1474.6049993141778,1529.6021508293813,1.0,2.0,2.6,2.2,2
2018-2019,2018-12-20,Manchester City,Porto,1478.9862850798356,1499.917990376535,3.0,1.6,2.4,2.4,2
2018-2019,2018-12-26,Inter Milan,Real Madrid,1543.0903826989584,1414.884308730969,2.2,1.8,0.8,3.0,2
2018-2019,2019-01-06,Real Madrid,Paris Saint-Germain,1436.5342705827031,1534.4229390129003,1.6,2.2,1.8,1.8,2
2018-2019,2019-01-10,Bayern Munich,Porto,1515.2774992248924,1514.9552142787272,2.2,1.4,2.4,2.8,2
2018-2019,2019-01-15,Porto,Barcelona,1530.970056044725,1494.9724997216483,3.0,2.6,2.4,2.4,2
2018-2019,2019-01-19,Inter Milan,Ajax,1521.4404208472242,1461.1167674446008,2.0,1.6,3.4,2.0,1
2018-2019,2019-01-23,Barcelona,Borussia Dortmund,1512.6243418996612,1484.6254134728258,2.0,2.4,1.2,3.2,2
2018-2019,2019-01-27,Chelsea,Liverpool,1509.9507065271523,1564.0634651686712,2.0,2.2,1.6,0.8,1
2018-2019,2019-02-22,Ajax,AC Milan,1447.867191825993,1546.7835509874556,0.4,2.4,1.8,2.0,1
2018-2019,2019-02-25,Juventus,Real Madrid,1518.3379329095285,1424.9265984264407,1.6,1.6,0.8,2.2,1
2018-2019,2019-03-03,Ajax,Manchester United,1468.3032443177005,1441.5770123024333,1.0,2.0,2.6,3.4,2
2018-2019,2019-03-03,Bayern Munich,Borussia Dortmund,1499.2626574588946,1501.912027750528,1.6,1.4,1.4,3.4,0
2018-2019,2019-03-04,Barcelona,Juventus,1495.337727621959,1530.1369214408783,2.2,2.6,2.0,2.2,2
2018-2019,2019-03-04,Porto,Manchester United,1513.318213866712,1458.8053788368861,2.2,2.8,2.4,3.0,1
2018-2019,2019-03-06,Barcelona,Real Madrid,1480.934952143022,1413.127609895091,2.6,3.2,1.2,2.4,2
2018-2019,2019-03-07,Ajax,Napoli,1451.0748777832478,1475.316800666234,1.4,2.2,2.0,2.4,0
2018-2019,2019-03-12,Atlético Madrid,Chelsea,1516.6764456753594,1528.4227347803685,1.6,2.4,2.2,2.6,1
2018-2019,2019-03-14,AC Milan,Borussia Dortmund,1526.347498495748,1501.7900221045375,2.2,2.0,1.8,3.2,1
2018-2019,2019-03-21,Manchester City,Borussia Dortmund,1463.9490611776434,1486.9190561090988,3.2,1.8,2.2,3.0,2
2018-2019,2019-03-27,Barcelona,Napoli,1461.851360362524,1474.202227001495,1.8,3.0,1.8,1.8,2
2018-2019,2019-03-30,AC Milan,Ajax,1541.2184644911865,1452.1894514479868,2.2,1.8,2.6,2.0,2
2018-2019,2019-03-31,Porto,Bayern Munich,1526.828204422213,1499.3846631048852,1.8,2.2,2.8,1.6,1
2018-2019,2019-04-01,Juventus,Napoli,1544.5396969198152,1489.633688041972,1.8,1.4,2.2,2.2,1
2018-2019,2019-04-11,Manchester United,Chelsea,1445.2953882813852,1511.8820041823096,1.6,2.6,2.0,2.4,1
2018-2019,2019-04-20,Juventus,AC Milan,1558.0320227919624,1521.2059678079531,1.8,1.0,1.2,2.4,1
2018-2019,2019-04-26,Borussia Dortmund,Inter Milan,1501.8627872593022,1534.689996465832,2.8,1.6,3.4,2.2,1
2018-2019,2019-04-28,Borussia Dortmund,Manchester United,1519.3700535133082,1464.3248151166322,3.0,1.6,2.6,2.8,1
2019-2020,2019-08-02,Atlético Madrid,Paris Saint-Germain,1533.2171762734183,1546.0306111691627,2.0,2.0,2.4,1.4,1
2019-2020,2019-08-05,Borussia Dortmund,Napoli,1532.8561255218071,1476.1413621698248,3.2,1.4,1.6,2.4,1
2019-2020,2019-08-09,Paris Saint-Germain,Real Madrid,1529.4407980700987,1432.2112016755889,3.4,2.0,1.8,2.0,1
2019-2020,2019-08-12,Barcelona,Borussia Dortmund,1446.419899322047,1546.2672682491057,1.8,3.6,2.6,2.6,0
2019-2020,2019-08-13,Manchester United,Atlético Madrid,1450.8387431081333,1549.8069893724823,1.8,2.0,2.8,0.6,1
2019-2020,2019-08-18,Paris Saint-Germain,Bayern Munich,1541.0765488774869,1484.6458630016102,3.2,1.6,2.0,1.8,1
2019-2020,2019-08-21,Bayern Munich,Borussia Dortmund,1471.2219788388088,1541.7916663936799,1.8,1.4,3.0,2.6,1
2019-2020,2019-08-22,Real Madrid,Napoli,1420.5754508682007,1462.7302194425263,1.0,2.8,1.4,2.4,0
2019-2020,2019-08-27,AC Milan,Manchester City,1506.8955477342229,1449.00533002744,2.4,1.6,2.6,2.8,1
2019-2020,2019-09-01,Juventus,AC Milan,1572.3424428656926,1520.2540050188109,2.4,1.6,1.8,2.6,1
2019-2020,2019-09-06,Borussia Dortmund,Ajax,1522.5857788324627,1472.2019481312202,3.0,1.2,2.4,2.2,0
2019-2020,2019-09-09,Borussia Dortmund,Bayern Munich,1520.2816468438677,1490.427866400026,2.6,1.4,1.2,2.0,2
2019-2020,2019-09-17,Chelsea,Ajax,1492.8525773470626,1474.5060801198151,2.6,2.0,2.0,1.6,1
2019-2020,2019-09-27,Borussia Dortmund,Bayern Munich,1502.9102030441727,1507.799310199721,2.6,1.2,1.0,2.4,2
2019-2020,2019-10-10,Atlético Madrid,Inter Milan,1529.3687311613003,1517.182730211826,2.6,2.2,2.8,2.0,1
2019-2020,2019-10-16,Ajax,AC Milan,1459.3501831157234,1506.634954212845,1.6,2.4,1.8,3.0,2
2019-2020,2019-10-20,Real Madrid,Borussia Dortmund,1422.5072793467605,1487.1353398888746,1.2,3.0,2.8,2.8,2
2019-2020,2019-10-22,Manchester City,Real Madrid,1435.646872742852,1409.449652804151,3.0,2.6,2.2,2.0,1
2019-2020,2019-10-29,Chelsea,Porto,1508.0084743511543,1541.567004525488,2.4,2.0,1.8,2.0,0
2019-2020,2019-11-04,Manchester City,Borussia Dortmund,1450.44272733645,1500.1929664314841,3.4,2.0,3.2,2.8,2
2019-2020,2019-11-08,Manchester City,Inter Milan,1436.7182789830445,1501.7436862849001,2.8,2.4,2.2,2.0,1
2019-2020,2019-11-08,Inter Milan,Manchester United,1482.7836368877058,1471.2770013193153,2.4,1.0,2.2,2.8,1
2019-2020,2019-11-10,Napoli,Inter Milan,1460.7983909639665,1498.2539303928554,1.6,3.2,1.6,1.4,1
2019-2020,2019-11-15,Porto,AC Milan,1540.0263652410058,1520.470755511878,2.4,1.8,2.4,2.8,2
2019-2020,2019-11-15,Atlético Madrid,Bayern Munich,1544.8077750882262,1523.5741733550192,2.0,1.6,0.8,1.8,1
2019-2020,2019-11-18,Inter Milan,Juventus,1480.5356904085197,1585.9614936716584,2.8,1.2,2.2,2.4,1
2019-2020,2019-11-19,Manchester City,Paris Saint-Germain,1455.6783283802388,1554.500433040288,2.2,2.4,2.0,1.8,1
2019-2020,2019-11-21,Chelsea,Napoli,1509.5491136356366,1478.5166309483022,3.0,2.2,1.6,2.8,2
2019-2020,2019-11-23,AC Milan,Paris Saint-Germain,1537.3703748038415,1534.0683877723675,2.4,1.8,1.8,1.6,1
2019-2020,2019-11-27,Manchester City,AC Milan,1476.1103736481593,1553.218317259633,2.0,1.6,2.4,2.6,1
2019-2020,2019-11-30,Juventus,Real Madrid,1565.2501754944108,1394.653798210553,3.0,1.4,1.6,2.0,1
2019-2020,2019-12-06,Bayern Munich,Manchester United,1508.5508012296405,1455.8067078141657,2.2,1.6,2.4,2.8,1
2019-2020,2019-12-18,Liverpool,Real Madrid,1545.591436915455,1385.9341553821494,2.4,1.4,1.4,2.2,1
2019-2020,2019-12-19,Bayern Munich,Liverpool,1522.1403349285833,1554.7162120095936,2.6,1.8,1.4,1.4,2
2019-2020,2019-12-19,Atlético Madrid,Borussia Dortmund,1559.8311472136047,1513.9174147848896,1.6,1.0,3.6,2.4,2
2019-2020,2019-12-22,Liverpool,Juventus,1569.2204180925448,1573.9698183228145,2.6,1.8,2.6,3.0,1
2019-2020,2019-12-22,Napoli,Atlético Madrid,1495.9419413116404,1541.7289647769542,1.8,3.0,2.6,0.8,2
2019-2020,2019-12-22,Porto,Liverpool,1523.1267459490423,1585.4391224333726,2.2,1.4,2.2,1.4,2
2019-2020,2019-12-30,Manchester United,Real Madrid,1442.2171741152229,1376.8093802880107,2.0,1.8,1.6,2.4,2
2019-2020,2020-01-03,Inter Milan,Real Madrid,1501.2470085857674,1395.786433059505,2.6,1.6,1.2,2.4,1
2019-2020,2020-01-05,Real Madrid,Borussia Dortmund,1384.4992136726855,1532.0195972215402,1.6,3.0,3.6,2.4,2
2019-2020,2020-01-05,Manchester City,Atlético Madrid,1495.6041512406746,1555.632517049394,2.0,1.0,2.4,1.0,2
2019-2020,2020-01-06,AC Milan,Chelsea,1533.7245396671178,1492.1238032722983,2.6,1.4,1.2,1.8,2
2019-2020,2020-01-11,Barcelona,Juventus,1450.8955011774729,1557.7511139819867,2.4,3.6,2.8,3.0,2
2019-2020,2020-01-14,Bayern Munich,Manchester City,1507.6361288456321,1482.341377038077,1.8,2.4,2.4,2.6,1
2019-2020,2020-01-15,Borussia Dortmund,Real Madrid,1541.6068493195671,1374.9119615746586,2.0,1.4,0.8,2.6,1
2019-2020,2020-01-26,Ajax,Real Madrid,1445.5143818166905,1366.049122734422,1.4,2.6,1.2,2.6,0
2019-2020,2020-01-30,Napoli,Real Madrid,1482.0383890392006,1369.6461279600228,2.0,3.0,2.0,3.2,1
2019-2020,2020-02-01,Paris Saint-Germain,Bayern Munich,1518.220445316576,1522.4733162255438,3.2,1.2,0.8,2.0,2
2019-2020,2020-03-02,Manchester United,Atlético Madrid,1423.2401213437286,1568.8952912519915,1.8,1.6,2.8,1.2,2
2019-2020,2020-03-12,Paris Saint-Germain,Barcelona,1502.416287478428,1439.6668822800266,2.4,1.6,2.6,2.0,2
2019-2020,2020-03-24,Porto,Chelsea,1509.9659597555672,1510.0304847499883,1.6,1.4,1.4,1.4,0
2019-2020,2020-03-24,Manchester City,Paris Saint-Germain,1467.5041896581654,1483.5575858571344,1.4,1.8,1.0,2.2,2
2019-2020,2020-03-28,Paris Saint-Germain,Atlético Madrid,1498.8188253027033,1578.554796177233,1.8,1.4,3.2,1.6,2
2019-2020,2020-03-31,Real Madrid,Paris Saint-Germain,1358.648688289933,1486.4276651125826,1.4,2.6,1.0,1.8,2
2019-2020,2020-04-06,Bayern Munich,Juventus,1538.2774740636917,1568.979732879433,2.6,2.6,3.2,2.8,1
2019-2020,2020-04-13,Inter Milan,Atlético Madrid,1512.534227972587,1590.9459563673536,2.6,1.0,3.2,1.8,2
2019-2020,2020-04-14,Paris Saint-Germain,Barcelona,1496.7949266977303,1458.5255839013203,1.4,2.0,3.2,1.4,2
2019-2020,2020-04-26,Porto,Bayern Munich,1509.9689312413386,1555.6876964621908,2.0,1.4,1.2,1.2,1
2019-2020,2020-04-27,Juventus,Bayern Munich,1551.5695104809338,1537.5943382553664,3.2,1.4,1.8,1.4,2
2020-2021,2020-08-02,Ajax,Porto,1441.9173765910898,1528.062289448163,2.2,2.6,2.0,2.8,2
2020-2021,2020-08-03,Real Madrid,Inter Milan,1348.2814267047856,1500.085137116926,1.2,3.2,1.4,1.8,1
2020-2021,2020-08-07,Manchester City,Barcelona,1452.2429502125965,1476.280859324,1.2,1.2,2.6,1.0,2
2020-2021,2020-08-10,Liverpool,Manchester City,1598.5999086268478,1437.3481739059496,3.2,1.8,2.0,2.8,1
2020-2021,2020-08-14,Napoli,Borussia Dortmund,1493.0358287092904,1550.4696881598036,2.2,2.2,3.2,1.8,2
2020-2021,2020-08-19,AC Milan,Manchester City,1515.8178581894279,1428.2831499813494,2.4,2.0,1.4,3.2,2
2020-2021,2020-08-22,Chelsea,Paris Saint-Germain,1510.0275132642169,1479.0396512750506,2.6,2.0,1.2,1.8,1
2020-2021,2020-08-26,Inter Milan,Napoli,1477.5076436808004,1479.656923759446,2.8,1.2,2.0,2.6,2
2020-2021,2020-08-30,Barcelona,Porto,1491.1756356306469,1540.174514205425,2.0,3.8,2.4,2.0,0
2020-2021,2020-09-12,Juventus,Real Madrid,1534.9262768858619,1370.8589201409113,2.6,1.2,1.4,2.6,2
2020-2021,2020-09-20,Atlético Madrid,Chelsea,1603.3950472230144,1524.604241476771,2.0,1.0,1.4,1.6,1
2020-2021,2020-09-24,Porto,AC Milan,1537.9328744805587,1495.869918148691,2.4,1.8,2.4,2.2,2
2020-2021,2020-09-24,Napoli,Bayern Munich,1495.5579470165999,1554.2375718504384,1.6,2.2,1.4,1.0,0
2020-2021,2020-09-25,Porto,Ajax,1520.0052126075825,1429.8051518338277,2.0,2.4,1.4,1.2,0
2020-2021,2020-09-25,AC Milan,Borussia Dortmund,1513.7975800216673,1563.848593109648,2.2,2.4,3.4,1.4,2
2020-2021,2020-10-04,Ajax,Juventus,1433.868142746053,1511.8863671005022,1.4,2.8,3.0,2.6,1
2020-2021,2020-10-07,Barcelona,AC Milan,1493.4172753555133,1500.0867009798956,1.8,3.4,2.4,1.8,2
2020-2021,2020-10-11,Napoli,Bayern Munich,1498.2348390705524,1551.5606797964858,1.4,1.8,1.2,1.0,2
2020-2021,2020-10-12,Juventus,Manchester United,1492.3526912582413,1413.5806164184871,2.0,2.0,2.2,3.2,1
2020-2021,2020-10-12,Borussia Dortmund,Barcelona,1577.5594721514196,1477.7243760354713,2.0,1.4,2.4,0.6,0
2020-2021,2020-10-12,Napoli,AC Milan,1484.6714811437407,1515.7796002999376,0.6,1.6,2.8,1.6,2
2020-2021,2020-10-14,Bayern Munich,Liverpool,1565.1240377232975,1607.664932551448,2.8,2.6,2.0,1.4,0
2020-2021,2020-10-19,Liverpool,Bayern Munich,1605.7155838821168,1567.0733863926287,3.4,2.0,1.6,0.8,1
2020-2021,2020-10-27,Bayern Munich,Atlético Madrid,1552.8456237547923,1615.8275447762162,2.2,2.2,3.2,1.2,1
2020-2021,2020-10-27,Juventus,AC Milan,1504.7860085276354,1530.3508344566862,2.0,1.8,2.8,1.6,1
2020-2021,2020-11-23,Barcelona,Ajax,1482.1994569253654,1453.401818588314,2.4,3.6,1.2,1.6,0
2020-2021,2020-11-26,Juventus,Liverpool,1521.9611921279288,1619.9433465199531,1.8,1.6,1.8,1.2,1
2020-2021,2020-12-03,Manchester City,Bayern Munich,1448.2310900220862,1571.7146900658238,1.2,1.6,1.2,1.0,2
2020-2021,2020-12-18,Ajax,Porto,1454.724970154393,1515.9422216953571,1.2,2.2,2.6,1.8,2
2020-2021,2020-12-21,Manchester City,Atlético Madrid,1437.6897862002684,1596.9584784651847,1.2,2.2,3.2,1.8,0
2020-2021,2020-12-23,Atlético Madrid,Manchester City,1590.0978515356128,1444.55041312984,2.0,1.4,2.0,2.8,0
2020-2021,2020-12-26,Bayern Munich,Porto,1582.2559938876416,1529.1518793744508,2.2,2.2,2.4,1.6,2
2020-2021,2021-01-06,Manchester City,Real Madrid,1450.8867255745663,1393.898829926271,1.2,2.4,2.0,2.8,2
2020-2021,2021-01-13,Chelsea,Paris Saint-Germain,1512.1717439235692,1464.4629230624964,2.6,1.8,1.2,2.0,2
2020-2021,2021-01-15,Napoli,Chelsea,1470.100246986992,1493.9883774698792,0.4,1.8,1.6,2.0,1
2020-2021,2021-01-18,Barcelona,Liverpool,1480.8763053592863,1599.5470382280873,1.8,2.8,1.6,1.8,2
2020-2021,2021-02-01,Barcelona,Manchester United,1470.138241584196,1401.147299149093,1.2,2.8,2.0,3.6,1
2020-2021,2021-02-03,Atlético Madrid,AC Milan,1583.7615390908866,1513.1756508563928,2.0,1.8,2.6,2.0,1
2020-2021,2021-02-07,Inter Milan,Juventus,1461.6066204236465,1542.3575004197946,2.4,2.0,2.2,2.2,2
2020-2021,2021-02-14,Inter Milan,Porto,1449.2597914307983,1547.5785464234725,1.6,2.4,2.6,1.6,2
2020-2021,2021-02-26,Barcelona,Chelsea,1483.002202169464,1476.8900186291464,2.0,2.6,2.0,2.0,1
2020-2021,2021-03-02,Paris Saint-Germain,Porto,1482.6462895161865,1559.167911218551,0.8,1.8,2.0,0.8,0
2020-2021,2021-03-07,Liverpool,Borussia Dortmund,1610.2851020031776,1573.0843912615255,3.0,2.0,3.4,1.2,1
2020-2021,2021-03-08,Inter Milan,Atlético Madrid,1437.6704266357199,1596.5549354201614,1.0,2.2,2.8,2.0,1
2020-2021,2021-03-18,Liverpool,Manchester United,1624.578462886644,1388.283338563825,3.0,2.0,2.4,4.0,0
2020-2021,2021-03-21,Atlético Madrid,Inter Milan,1573.7087547276265,1460.5166073282548,2.4,1.8,1.2,2.6,2
2020-2021,2021-03-31,Borussia Dortmund,Porto,1558.791030378059,1555.699856746459,2.0,2.0,2.0,1.2,1
2020-2021,2021-04-03,Napoli,Barcelona,1487.1986058277248,1498.720754749644,0.8,2.2,2.2,0.8,1
2020-2021,2021-04-04,Juventus,Liverpool,1554.704329412643,1615.112987248526,2.4,1.8,2.2,1.2,1
2020-2021,2021-04-06,Liverpool,Borussia Dortmund,1596.3587641050792,1574.6486803276375,2.4,1.6,3.2,1.8,2
2020-2021,2021-04-09,Barcelona,Napoli,1482.190334622554,1503.7290259548147,1.8,2.2,2.0,2.0,1
2020-2021,2021-04-10,Bayern Munich,AC Milan,1563.8293268386199,1500.382254527118,2.2,1.8,2.4,2.2,1
2020-2021,2021-04-16,Manchester City,Real Madrid,1432.285620957643,1412.4999345431943,1.2,2.2,2.6,2.2,2
2020-2021,2021-04-23,Bayern Munich,Paris Saint-Germain,1576.9395332884005,1486.1143439882783,2.2,1.6,1.6,1.8,0
2020-2021,2021-04-26,Borussia Dortmund,AC Milan,1591.6471674134673,1487.2720480773373,2.6,1.8,2.0,2.6,1
2021-2022,2021-08-07,Bayern Munich,Ajax,1572.849622851618,1441.5153124752994,1.6,1.2,1.2,1.2,2
2021-2022,2021-08-08,Inter Milan,Real Madrid,1481.5523788566159,1429.4101153670617,0.6,2.4,2.6,1.4,2
2021-2022,2021-08-12,Bayern Munich,Liverpool,1551.0739671438837,1579.3602770192495,1.8,1.8,1.8,2.0,0
2021-2022,2021-08-12,Manchester City,Atlético Madrid,1415.3754401337756,1552.6729831992654,1.2,2.4,2.2,2.0,2
2021-2022,2021-08-17,Paris Saint-Germain,Manchester United,1490.2042544250608,1397.748814201943,0.6,2.2,2.2,3.4,1
2021-2022,2021-08-18,Ajax,Bayern Munich,1463.2909681830338,1552.3737293710403,1.4,2.6,1.2,0.6,0
2021-2022,2021-08-19,Manchester United,Real Madrid,1385.9088103404088,1447.7934883773978,1.6,2.2,2.6,1.0,2
2021-2022,2021-08-19,AC Milan,Napoli,1475.9391365177964,1486.7384012857049,2.2,2.8,2.0,2.0,1
2021-2022,2021-08-22,Ajax,Juventus,1467.3057843020824,1573.4585525560897,1.8,2.2,2.6,1.6,2
2021-2022,2021-09-08,Juventus,Real Madrid,1584.7166779875777,1460.9733547594058,3.2,2.0,3.4,1.0,2
2021-2022,2021-09-09,Manchester City,Barcelona,1405.3884349760192,1499.1809592916638,1.0,2.6,2.2,1.6,0
2021-2022,2021-09-10,Borussia Dortmund,Barcelona,1602.9800789730082,1494.9636082893578,3.0,1.6,1.6,1.6,2
2021-2022,2021-09-17,Chelsea,Bayern Munich,1461.1714660489665,1548.3589132519917,2.0,2.0,1.4,1.0,0
2021-2022,2021-09-20,AC Milan,Ajax,1492.4363009394647,1456.0476588705944,2.2,2.4,1.4,1.2,0
2021-2022,2021-09-22,Bayern Munich,Inter Milan,1544.4259952213652,1463.1690058462798,1.0,1.2,1.6,2.2,2
2021-2022,2021-09-24,Ajax,Inter Milan,1457.7173171730267,1482.8442616519746,1.0,1.8,2.2,2.2,2
2021-2022,2021-10-03,Paris Saint-Germain,AC Milan,1502.044258286595,1490.7666426370324,1.4,2.0,1.6,2.8,1
2021-2022,2021-10-05,Bayern Munich,Real Madrid,1524.7507394156703,1482.4426167591337,1.2,1.4,3.4,1.0,2
2021-2022,2021-10-06,Inter Milan,Barcelona,1497.6891362976571,1515.7836460596911,0.8,2.8,2.0,2.0,0
2021-2022,2021-10-10,Barcelona,Napoli,1514.951115658184,1470.2412368640366,2.0,1.4,2.0,2.0,1
2021-2022,2021-10-31,Chelsea,Porto,1465.104384079593,1539.8422067968806,2.4,2.6,1.6,1.6,1
2021-2022,2021-10-31,Paris Saint-Germain,Bayern Munich,1517.5250872173751,1506.8119520447553,2.2,1.6,2.0,1.6,2
2021-2022,2021-11-02,Barcelona,Juventus,1528.903440308164,1563.2474159878498,2.4,1.4,2.4,0.8,2
2021-2022,2021-11-03,Atlético Madrid,Napoli,1562.6599883570218,1456.2889122140568,2.4,2.2,1.4,1.8,1
2021-2022,2021-11-05,Inter Milan,Real Madrid,1498.5216666991641,1500.3814041300484,1.6,2.8,3.6,1.4,2
2021-2022,2021-11-08,Chelsea,Borussia Dortmund,1484.4940644750347,1582.1600412026748,2.2,2.0,3.0,1.6,1
2021-2022,2021-11-15,Liverpool,Porto,1578.0605147920928,1520.452526401439,1.8,1.6,1.2,1.8,0
2021-2022,2021-11-18,Napoli,Bayern Munich,1445.0399554941625,1523.3051538511797,1.4,2.0,2.4,1.8,2
2021-2022,2021-12-07,Liverpool,Real Madrid,1575.431616649187,1516.2957608742918,2.0,2.0,3.6,1.6,2
2021-2022,2021-12-17,Napoli,Juventus,1432.5844484428249,1577.670948830866,1.6,2.6,2.2,0.8,1
2021-2022,2021-12-27,Porto,Borussia Dortmund,1523.0814245443448,1561.7771975011347,2.4,2.6,3.0,2.0,0
2021-2022,2021-12-29,Chelsea,Atlético Madrid,1504.876908176575,1573.908945076916,2.8,1.8,2.2,1.8,1
2021-2022,2021-12-29,Chelsea,Atlético Madrid,1524.0147673162157,1554.7710859372753,2.2,1.6,1.8,1.8,1
2021-2022,2021-12-30,Porto,Manchester City,1524.856098836101,1409.6057859783252,2.4,2.4,2.4,2.8,2
2021-2022,2022-01-08,AC Milan,Barcelona,1475.2858137062524,1514.4799074651476,1.6,2.6,2.4,2.6,1
2021-2022,2022-01-12,Ajax,AC Milan,1442.8724425273442,1493.0831505714023,1.2,2.2,1.0,3.6,1
2021-2022,2022-01-15,Inter Milan,Manchester City,1482.6073099549208,1430.7267906464265,1.8,2.4,2.4,2.2,0
2021-2022,2022-01-15,Paris Saint-Germain,Ajax,1501.0318854109507,1461.1687667019528,2.2,1.8,1.4,1.2,1
2021-2022,2022-01-30,Barcelona,Porto,1496.6825705999977,1503.7350941679997,2.2,1.2,1.4,2.4,2
2021-2022,2022-02-01,Borussia Dortmund,AC Milan,1560.0025232093785,1474.7868263967937,3.4,2.0,1.0,3.6,0
2021-2022,2022-02-04,Napoli,Manchester City,1454.9028535679236,1433.0983760360775,2.4,2.2,2.4,1.8,1
2021-2022,2022-02-14,Barcelona,Porto,1481.007306712399,1519.4103580555984,1.4,1.0,1.6,2.4,0
2021-2022,2022-02-14,Bayern Munich,Real Madrid,1535.7606609025174,1534.993070540783,1.0,2.0,3.6,1.8,0
2021-2022,2022-02-15,Real Madrid,Atlético Madrid,1535.0284193257594,1537.3583933665882,2.0,3.2,1.8,1.8,1
2021-2022,2022-02-26,Bayern Munich,Chelsea,1535.725312117541,1541.4274598869029,1.8,2.8,2.0,2.0,2
2021-2022,2022-03-02,AC Milan,Paris Saint-Germain,1478.6343101027792,1515.2041342075524,2.0,1.8,1.6,1.0,1
2021-2022,2022-03-17,AC Milan,Liverpool,1496.3122208357809,1556.7343069826957,2.4,1.2,1.4,1.8,0
2021-2022,2022-03-24,Inter Milan,Liverpool,1480.2357245652697,1553.9794837708796,2.2,2.6,1.4,1.8,2
2021-2022,2022-03-25,Porto,Inter Milan,1517.6489994902631,1467.5816548922578,2.0,2.4,3.0,2.2,2
2021-2022,2022-03-28,Juventus,Borussia Dortmund,1555.3525437057674,1556.155039503393,3.2,2.0,2.6,2.0,1
2021-2022,2022-03-29,AC Milan,Borussia Dortmund,1499.067044047597,1540.1180832718978,2.2,0.4,1.8,2.4,2
2021-2022,2022-04-04,Liverpool,Juventus,1566.6335534438915,1571.3894999372626,2.4,2.8,1.8,1.0,1
2021-2022,2022-04-14,Paris Saint-Germain,Juventus,1497.5262234745508,1555.1704941862824,2.8,2.0,2.0,1.4,1
2021-2022,2022-04-15,Real Madrid,Ajax,1551.135716987128,1446.996517905351,2.2,2.8,1.8,1.6,1
2021-2022,2022-04-17,Paris Saint-Germain,Napoli,1516.1567473447367,1469.9000364916794,3.0,1.8,1.0,2.4,2
2021-2022,2022-04-21,Chelsea,Real Madrid,1557.1648898524734,1562.4785706370412,2.8,1.8,3.6,2.4,2
2021-2022,2022-04-23,Napoli,Inter Milan,1488.017738995552,1485.8715125447216,3.0,1.8,3.2,1.4,2
2021-2022,2022-04-24,Bayern Munich,Manchester City,1519.9878821519706,1418.1011931123217,2.0,3.0,2.6,2.0,1
2022-2023,2022-08-19,Juventus,Paris Saint-Germain,1536.5399703160965,1498.039044840864,3.0,1.6,1.6,1.8,1
2022-2023,2022-08-24,Manchester United,Juventus,1372.7289439584008,1550.7741592408101,1.6,2.2,1.4,2.0,0
2022-2023,2022-09-04,Borussia Dortmund,Manchester City,1554.236361480607,1406.663217820043,3.0,2.0,2.0,2.0,0
2022-2023,2022-09-06,Paris Saint-Germain,Manchester United,1483.8048559161505,1380.278640902725,2.4,2.2,2.0,3.4,2
2022-2023,2022-09-10,Real Madrid,Liverpool,1578.233885671277,1582.8525591948717,2.2,2.0,1.8,1.4,1
2022-2023,2022-09-16,Borussia Dortmund,Liverpool,1547.8215743109179,1566.639873947213,2.4,1.4,1.0,1.4,1
2022-2023,2022-09-17,Manchester City,Porto,1413.078004989732,1499.3591418377994,0.6,2.0,1.2,2.0,0
2022-2023,2022-09-21,Real Madrid,Liverpool,1594.4465709189358,1549.7741056852012,2.2,1.6,1.2,1.4,2
2022-2023,2022-09-24,AC Milan,Borussia Dortmund,1484.9487658388878,1564.6873425729295,1.8,1.0,1.8,1.8,2
2022-2023,2022-10-05,Liverpool,Inter Milan,1567.820086273739,1501.9703486681838,2.2,2.4,3.0,0.6,1
2022-2023,2022-10-06,Chelsea,Inter Milan,1541.4095748182376,1488.9670444379785,2.6,2.0,2.8,1.0,2
2022-2023,2022-10-10,Barcelona,Real Madrid,1482.7686652777343,1576.400590330398,1.2,1.0,3.6,2.6,0
2022-2023,2022-10-12,Manchester City,Ajax,1416.971682624443,1435.653664255438,0.4,1.8,1.2,1.4,2
2022-2023,2022-10-17,Ajax,Atlético Madrid,1450.794155421425,1521.2510957052195,1.6,2.4,1.6,2.2,1
2022-2023,2022-10-21,Porto,Manchester City,1495.4654642030885,1401.8311914584558,1.2,2.6,1.4,1.4,1
2022-2023,2022-10-23,Napoli,Barcelona,1471.9189028720898,1486.9791334135566,2.4,1.8,1.8,2.6,1
2022-2023,2022-10-23,Ajax,Napoli,1469.9950589081168,1488.6120180642774,2.0,2.4,0.8,2.6,2
2022-2023,2022-10-27,AC Milan,Manchester City,1472.5577195477517,1390.0417602223138,1.8,1.4,1.6,2.2,1
2022-2023,2022-11-08,Chelsea,Ajax,1523.012682579932,1454.851581957639,2.4,2.6,1.8,1.4,1
2022-2023,2022-11-09,Atlético Madrid,Juventus,1502.0501922185279,1543.2244622964859,2.6,1.6,1.6,2.6,0
2022-2023,2022-11-09,Bayern Munich,Atlético Madrid,1531.4258574442492,1503.9375102727572,2.4,3.2,2.0,2.6,1
2022-2023,2022-11-10,Manchester United,Juventus,1400.9099366785283,1541.3371442422565,2.0,2.8,1.4,3.0,1
2022-2023,2022-11-13,Real Madrid,Borussia Dortmund,1572.1901221945757,1577.0783888640656,2.8,1.6,1.8,1.8,2
2022-2023,2022-11-25,Juventus,Porto,1519.2007995921956,1507.2548954392305,3.0,1.6,1.4,1.4,2
2022-2023,2022-12-04,Borussia Dortmund,Bayern Munich,1592.8532907175147,1546.162607003142,2.4,2.0,3.0,1.8,1
2022-2023,2022-12-07,Ajax,Liverpool,1441.9508567317198,1580.8233905039442,2.0,2.6,2.0,2.0,1
2022-2023,2022-12-13,Borussia Dortmund,Paris Saint-Germain,1606.7159563855212,1463.1735601403473,2.2,2.0,1.0,2.4,2
2022-2023,2022-12-15,Porto,AC Milan,1523.8048079713565,1484.827591064965,1.6,2.6,1.4,3.4,0
2022-2023,2022-12-24,Borussia Dortmund,Manchester City,1584.4576758858677,1377.7718887051005,1.8,2.2,1.2,2.2,2
2022-2023,2022-12-29,Borussia Dortmund,Inter Milan,1559.9232265478743,1507.363936676284,2.0,2.6,3.0,1.2,2
2022-2023,2023-01-04,Paris Saint-Germain,Atlético Madrid,1485.4318406400007,1489.2007607138644,1.8,2.6,1.4,3.0,1
2022-2023,2023-01-13,Porto,Real Madrid,1522.0173333134799,1556.4152203411265,1.6,2.6,3.0,2.2,1
2022-2023,2023-01-19,Manchester City,Borussia Dortmund,1402.306338043094,1541.5210782698744,0.2,1.8,2.0,1.6,2
2022-2023,2023-01-23,Borussia Dortmund,Chelsea,1551.432420558892,1535.9134078058512,2.0,2.8,2.0,2.2,0
2022-2023,2023-01-28,Juventus,Manchester City,1502.6508870600696,1392.3949957540763,2.4,2.2,1.6,2.2,2
2022-2023,2023-01-31,Manchester United,Ajax,1423.0462813285892,1464.0260323165808,2.0,3.0,1.2,1.4,2
2022-2023,2023-02-03,Juventus,Napoli,1481.7372624529912,1503.7554950147553,2.0,2.4,1.4,2.2,0
2022-2023,2023-02-13,Manchester United,Juventus,1408.924765505407,1482.7498842636026,2.2,3.6,2.0,3.0,1
2022-2023,2023-02-13,Juventus,Bayern Munich,1463.400371216875,1532.2999413351356,2.2,2.0,2.8,2.0,1
2022-2023,2023-02-20,Bayern Munich,AC Milan,1513.1679483267274,1486.6150657228416,2.6,2.6,1.8,3.2,2
2022-2023,2023-02-20,Real Madrid,Manchester United,1538.8362946145767,1428.2742785521345,2.4,1.6,2.0,2.8,1
2022-2023,2023-02-21,Chelsea,Liverpool,1536.6276098330134,1558.7482149190832,2.0,2.2,2.0,2.4,2
2022-2023,2023-03-01,Juventus,Manchester City,1482.5323642252833,1413.3086203611547,2.4,2.2,2.0,2.2,1
2022-2023,2023-03-05,AC Milan,Chelsea,1503.8354959711876,1521.644927101343,1.6,1.4,2.4,2.6,0
2022-2023,2023-03-12,Chelsea,Bayern Munich,1520.8254900677214,1495.9475180783813,1.8,2.6,2.6,2.4,0
2022-2023,2023-03-21,Real Madrid,Chelsea,1549.9099054592477,1519.6817711477781,1.8,1.4,2.8,2.8,1
2022-2023,2023-03-23,Bayern Munich,Inter Milan,1497.0912369983246,1525.766084954284,2.4,2.6,2.4,1.0,2
2022-2023,2023-03-24,Chelsea,Barcelona,1505.0703263318721,1470.286018221369,1.6,2.6,1.8,2.4,1
2022-2023,2023-04-06,Bayern Munich,Atlético Madrid,1482.4087723658165,1473.0272023380794,1.6,2.2,1.8,3.4,2
2022-2023,2023-04-08,Bayern Munich,Borussia Dortmund,1465.9768400724756,1550.71821853173,1.2,1.8,2.4,1.6,1
2023-2024,2023-08-02,Barcelona,Manchester United,1455.8825640586838,1417.2006677074635,0.6,1.2,1.6,2.2,1
2023-2024,2023-08-06,Chelsea,Manchester United,1519.4737804945573,1402.9747108169988,1.6,2.0,1.0,2.2,2
2023-2024,2023-08-17,Borussia Dortmund,Bayern Munich,1530.8913216634649,1485.8037369407407,2.0,3.0,2.6,2.4,0
2023-2024,2023-08-19,Atlético Madrid,Barcelona,1489.4591346314203,1470.1085209491484,2.4,1.6,2.0,2.8,2
2023-2024,2023-08-20,Chelsea,Borussia Dortmund,1498.301219047883,1528.8265395923925,1.8,2.0,2.8,1.6,2
2023-2024,2023-08-21,Borussia Dortmund,Inter Milan,1543.4244025647772,1540.448549586792,2.0,3.2,2.0,1.0,2
2023-2024,2023-08-23,Borussia Dortmund,Manchester City,1527.2873628218342,1400.4549674580862,2.4,3.2,2.4,3.0,1
2023-2024,2023-08-24,Bayern Munich,Chelsea,1487.868519011813,1483.7033560754985,1.4,2.0,2.6,2.8,2
2023-2024,2023-08-30,Juventus,Ajax,1495.3860171283518,1478.1475481397629,2.6,2.4,1.8,1.4,0
2023-2024,2023-09-03,Atlético Madrid,Liverpool,1472.5689262225987,1573.7308976507536,2.0,1.6,1.8,2.0,2
2023-2024,2023-09-08,Porto,AC Milan,1539.5962590400297,1504.6549330048092,1.8,2.4,2.2,2.8,2
2023-2024,2023-09-11,Napoli,Paris Saint-Germain,1502.742873204144,1501.6053990157857,2.2,1.8,1.6,1.6,0
2023-2024,2023-09-20,Manchester United,Borussia Dortmund,1424.1472722636731,1537.692850062597,2.6,3.4,3.0,1.8,2
2023-2024,2023-09-26,Borussia Dortmund,Juventus,1548.6424194456688,1494.5928070893613,2.6,2.6,2.4,3.2,2
2023-2024,2023-10-09,Liverpool,Bayern Munich,1585.19955237448,1471.6767153586193,2.6,2.4,2.4,2.8,1
2023-2024,2023-10-13,Paris Saint-Germain,AC Milan,1501.6577814508275,1522.2586374639154,2.2,2.2,2.8,2.0,1
2023-2024,2023-10-17,Chelsea,Liverpool,1499.8951597286923,1596.15006468468,2.0,2.8,2.6,2.4,1
2023-2024,2023-10-30,Real Madrid,Borussia Dortmund,1564.5213502751537,1530.1732298499046,2.0,1.6,2.8,1.6,1
2023-2024,2023-11-06,Atlético Madrid,Bayern Munich,1461.1002714988724,1460.7262030484192,2.0,2.4,2.2,3.4,1
2023-2024,2023-11-09,Paris Saint-Germain,Atlético Madrid,1518.6053756786287,1477.0830450167732,2.2,2.0,1.6,2.6,2
2023-2024,2023-11-10,Manchester City,Ajax,1390.0494802173234,1478.9407581787534,0.4,2.0,1.6,1.0,2
2023-2024,2023-11-28,Manchester United,Atlético Madrid,1413.1977028806014,1494.9861669568518,2.4,3.0,2.2,2.4,0
2023-2024,2023-11-30,Napoli,Liverpool,1502.690490769102,1575.8273938180407,2.6,1.8,2.4,2.2,0
2023-2024,2023-11-30,Manchester City,Inter Milan,1378.056032289299,1556.585589329735,0.4,1.6,2.4,1.4,2
2023-2024,2023-12-02,Real Madrid,Juventus,1578.944694098797,1513.0619966851255,2.2,1.6,2.8,2.8,0
2023-2024,2023-12-03,Inter Milan,AC Milan,1565.0185651459133,1505.3110432361143,2.2,3.0,2.8,2.0,1
2023-2024,2023-12-06,Bayern Munich,Atlético Madrid,1444.7434295305184,1491.2877354061848,1.2,2.6,2.2,2.2,2
2023-2024,2023-12-11,Manchester City,Atlético Madrid,1369.6230564731209,1505.1570221060012,0.8,2.2,2.8,2.2,1
2023-2024,2023-12-16,Manchester United,Real Madrid,1416.8961344312684,1575.946533744389,2.4,3.0,2.6,2.4,2
2023-2024,2023-12-27,Ajax,Chelsea,1490.9342061067778,1520.2178305953316,2.4,2.2,3.2,2.8,1
2023-2024,2023-12-27,Manchester United,Porto,1407.7485546915032,1521.9925545809235,1.6,3.2,2.0,1.0,2
2023-2024,2024-01-01,Manchester United,Barcelona,1396.8279257824731,1486.99872935797,1.6,2.8,2.0,2.6,0
2023-2024,2024-01-02,Manchester United,Chelsea,1400.8896562060452,1502.8724541806996,0.8,2.2,2.4,3.2,2
2023-2024,2024-01-03,Chelsea,AC Milan,1514.3063636332902,1492.0339237986323,2.6,2.8,2.8,2.2,1
2023-2024,2024-01-09,AC Milan,Napoli,1477.0582048539422,1506.0096867514785,1.6,2.0,1.8,2.0,2
2023-2024,2024-01-13,Real Madrid,AC Milan,1585.0941134841541,1462.3883924685301,2.4,1.6,2.4,2.4,0
2023-2024,2024-01-18,Manchester United,AC Milan,1389.4557467534546,1467.8154114618603,1.0,2.6,2.2,2.6,0
2023-2024,2024-01-18,Real Madrid,Bayern Munich,1579.667094490824,1430.8741428307019,2.6,1.6,2.4,3.6,0
2023-2024,2024-01-27,Barcelona,Chelsea,1482.936998934398,1529.2820825779802,1.0,1.2,2.4,2.6,1
2023-2024,2024-01-29,Napoli,Bayern Munich,1520.6794991368906,1437.3360083154441,2.6,2.6,2.6,3.2,1
2023-2024,2024-01-30,Porto,Barcelona,1532.9131834899536,1501.0586997267824,1.8,2.8,1.2,1.8,1
2023-2024,2024-02-02,Barcelona,Ajax,1486.5215562573517,1508.2795825214098,1.8,0.8,1.8,0.6,0
2023-2024,2024-02-04,Real Madrid,Atlético Madrid,1573.2052290060817,1483.213905217567,2.8,2.0,2.4,1.8,1
2023-2024,2024-02-15,AC Milan,Atlético Madrid,1464.266781922875,1471.267901929865,2.0,2.6,2.4,2.4,1
2023-2024,2024-02-16,Napoli,Ajax,1532.9133527639221,1507.278896219704,2.8,2.4,1.6,1.0,0
2023-2024,2024-02-24,Ajax,AC Milan,1508.4572690824818,1480.5891517818463,3.0,1.4,1.8,3.0,1
2023-2024,2024-02-25,Paris Saint-Germain,Porto,1500.70225373855,1547.4503269593843,2.2,2.6,1.8,0.6,1
2023-2024,2024-02-28,Manchester United,Barcelona,1393.00437629244,1487.5222425590575,0.8,2.4,1.6,1.8,0
2023-2024,2024-03-03,AC Milan,Bayern Munich,1465.869780757195,1425.1021546884126,2.6,2.6,2.2,3.4,1
2023-2024,2024-03-16,Liverpool,AC Milan,1572.5081978356643,1480.0009313314447,3.2,2.2,1.8,2.8,1
2023-2024,2024-03-23,Manchester United,Liverpool,1397.2527926379294,1584.3459764349125,1.0,1.8,2.4,2.4,0
2023-2024,2024-03-28,Chelsea,Napoli,1511.1603817855957,1531.7349799011442,2.8,2.4,2.4,2.0,1
2023-2024,2024-03-31,Inter Milan,Napoli,1578.2956845833955,1514.788590658191,2.4,2.6,2.8,2.2,0
2023-2024,2024-04-05,Real Madrid,Ajax,1585.1512322937836,1523.1766401071332,2.8,2.2,1.6,0.8,1
2023-2024,2024-04-21,Atlético Madrid,Barcelona,1454.9455320708937,1483.273826213568,2.6,2.6,1.4,1.4,2
2023-2024,2024-04-26,Barcelona,Real Madrid,1497.9721433174163,1598.327086798409,2.2,0.8,2.6,1.8,0
